dataset,method,setting,roc_auc,pr_auc,precision,recall,f1,runtime_seconds,n_points,n_anomalies,anomaly_ratio
normality_1.csv,Isolation Forest,offline,0.8394635262947877,0.5238652531501118,0.6020408163265306,0.6020408163265306,0.6020408163265306,0.382612943649292,23688,980,0.0413711583924349
normality_1.csv,Dense Autoencoder,offline,0.841049140283205,0.2089614717728019,0.25,0.25,0.25,5.010206699371338,23688,980,0.0413711583924349
normality_2.csv,Isolation Forest,offline,0.4523240196183916,0.0443280841190156,0.0206684256816182,0.0206684256816182,0.0206684256816182,0.6968226432800293,56960,2274,0.0399227528089887
normality_2.csv,Dense Autoencoder,offline,0.4723086944185483,0.0695565209743822,0.1605101143359718,0.1605101143359718,0.1605101143359718,9.721083879470823,56960,2274,0.0399227528089887
normality_3.csv,Isolation Forest,offline,0.4785132939625529,0.0431889867952881,0.0273392375818251,0.0273392375818251,0.0273392375818251,0.6700186729431152,66559,2597,0.0390180140927598
normality_3.csv,Dense Autoencoder,offline,0.501621633931978,0.0722594431193115,0.1520985752791682,0.1520985752791682,0.1520985752791682,11.384496927261353,66559,2597,0.0390180140927598
normality_1.csv,SAND,streaming,0.6066911148817463,0.0573975651167082,0.0418367346938775,0.0418367346938775,0.0418367346938775,70.1927285194397,23688,980,0.0413711583924349
normality_2.csv,SAND,streaming,0.5586660403356288,0.0472447081996434,0.0615655233069481,0.0615655233069481,0.0615655233069481,131.66404390335083,56960,2274,0.0399227528089887
normality_3.csv,SAND,streaming,0.5729235748935788,0.0457636616608066,0.0215633423180593,0.0215633423180593,0.0215633423180593,178.52865624427795,66559,2597,0.0390180140927598
